selftext,title,id,sorted_by,num_comments,score,ups,downs,url
,Spring is just around the corner! Southern Germany [OC] [3600x4800],ljv59a,new,1,11,11,0,https://i.redd.it/2jkmlvdnthh61.jpg
,Cascade Falls Mission BC (OC) (2736x3648),ljuto7,new,1,13,13,0,https://i.redd.it/f1n3exu3rhh61.jpg
,"The mountains near Maluma, Sulaymaniyah governate, Iraq [OC] [4032x3024]",ljuh62,new,2,22,22,0,https://i.redd.it/xvs2v237ohh61.jpg
,"This is NOT a long time exposure, rivers in Iceland can look like this from a bird‘s eye view [OC] [1922x2440] - more of my landscape shots at insta: @glacionaut",ljudka,new,1,33,33,0,https://i.redd.it/wye6kidbnhh61.jpg
,"The Grand Canyon of the East, Linville Gorge. [OC] [1366 × 2048]",ljtvw3,new,1,34,34,0,https://i.redd.it/qlyibnvyihh61.jpg
,Beautiful Sunset in California [4032x3024] [OC],ljt38g,new,2,20,20,0,https://i.redd.it/trhwrsrechh61.jpg
,"Salmon Creek Falls, Big Sur [OC] 4751x3168",ljt23k,new,4,19,19,0,https://i.redd.it/oht9y7i4chh61.jpg
,"Sedona, AZ [OC][1200x675]",ljt20e,new,1,64,64,0,https://i.redd.it/p4cxtayzbhh61.jpg
,Mt. Sneffels in the morning! [OC] [‪3264 x 1836‬],ljsx97,new,2,31,31,0,https://i.redd.it/u63qonkzahh61.jpg
,"""Black Hole Sun"" [OC] Loveland Pass, Colorado [9248x5861] [3rd revision, no flash, auto, white balance]",ljsutj,new,1,11,11,0,https://i.redd.it/ebtb64neahh61.jpg
,"Pyhä, Finland [4624x2080] OC",ljsatj,new,1,26,26,0,https://i.redd.it/fxe860bt5hh61.jpg
,"Snow covered heather landscape, Veluwe, the Netherlands (3000x4000) OC",ljryb8,new,1,16,16,0,https://i.redd.it/gbqaoxow2hh61.jpg
,"The magic of the golden hour at Herriotts Mill Pool, England [OC] [2500 x 1667]",ljrukh,new,2,36,36,0,https://i.redd.it/4eymrnbz1hh61.jpg
,Lake Coatepeque. El Salvador [OC] [5760x3840] IG: @Rowbutt,ljrhqx,new,1,14,14,0,https://i.redd.it/8sq55mibygh61.jpg
,"Fire and ice during a sunset in Alberta, Canada [4392x5490] [OC]",ljrc44,new,3,116,116,0,https://i.redd.it/4pvv2ehlxgh61.jpg
